<server>
    <featureManager>
	<!--
   <feature>webProfile-7.0</feature>
   -->
           <feature>jaxrs-2.0</feature>
        <feature>jdbc-4.1</feature>
        <feature>jndi-1.0</feature>
        <feature>jpa-2.1</feature>
        <feature>jsf-2.2</feature>
        <feature>jsp-2.3</feature>
        <feature>servlet-3.1</feature>
		
    </featureManager>

	<httpEndpoint host="*" httpPort="9080" id="defaultHttpEndpoint"/>
		
	<executor coreThreads="40" id="default" keepAlive="60s" maxThreads="50" name="LargeThreadPool" rejectedWorkPolicy="CALLER_RUNS" stealPolicy="LOCAL"/>

</server>