{
  "kind": "Service",
  "apiVersion": "v1",
  "metadata": {
    "name": "wlp-daytrader-jenkins",
    "namespace": "default",
    "selfLink": "/api/v1/namespaces/default/services/wlp-daytrader-jenkins",
    "labels": {
      "app": "wlp-daytrader-jenkins"
    }
  },
  "spec": {
    "ports": [
      {
        "name": "http",
        "protocol": "TCP",
        "port": 80,
        "targetPort": 9080,
        "nodePort": 31420
      }
    ],
    "selector": {
      "app": "wlp-daytrader-jenkins"
    },
    "type": "NodePort",
    "sessionAffinity": "None"
  }
}
